Email,Password
randomuser529@example.com,ck9pNO5g
randomuser932@example.com,mdNHNGB4
randomuser456@example.com,GrHGTt0y
randomuser753@example.com,JPprm3Az
randomuser638@example.com,1rwMBLUD
randomuser634@example.com,ZgZ0TyBu
randomuser240@example.com,vut8zLea
randomuser958@example.com,tmrc7KAV
randomuser490@example.com,qUgk2AaE
randomuser144@example.com,JGcNBw7g
randomuser563@example.com,D4T7mn4m
randomuser478@example.com,rRTmk24f
randomuser542@example.com,XP6qBrcP
randomuser163@example.com,6nDV9kQy
randomuser355@example.com,sQd6cJdc
randomuser776@example.com,Nsr4zFGp
randomuser474@example.com,2YdqwKqT
randomuser232@example.com,9tNhfB89
randomuser281@example.com,0G0eUtdb
randomuser801@example.com,3ZhiKCr7
